1790634496.,rec,200,0.002269,0
1790634496.,ctl,200,0.004636,0
1790634496.,usr,200,0.001587,0
1790634496.,rec,200,0.001990,0
1790634497.,ctl,200,0.004644,0
1790634497.,usr,200,0.002102,0
1790634497.,rec,200,0.002300,0
1790634497.,ctl,200,0.004096,0
1790634497.,usr,200,0.001556,0
1790634497.,rec,200,0.002168,0
1790634497.,ctl,200,0.003926,0
1790634498.,usr,200,0.001826,0
1790634498.,rec,200,0.002200,0
1790634498.,ctl,200,0.003984,0
1790634498.,usr,200,0.001532,0
1790634498.,rec,200,0.002182,0
1790634498.,ctl,200,0.004135,0
1790634498.,usr,200,0.001661,0
1790634499.,rec,200,0.002066,0
1790634499.,ctl,200,0.004461,0
1790634499.,usr,200,0.001712,0
1790634499.,rec,200,0.002479,0
1790634499.,ctl,200,0.004212,0
1790634499.,usr,200,0.001753,0
1790634500.,rec,200,0.002150,0
1790634500.,ctl,200,0.004166,0
1790634500.,usr,200,0.001737,0
1790634500.,rec,200,0.002138,0
1790634500.,ctl,200,0.004244,0
1790634500.,usr,200,0.001727,0
1790634501.,rec,200,0.002127,0
1790634501.,ctl,200,0.004291,0
1790634501.,usr,200,0.001728,0
1790634501.,rec,200,0.002311,0
1790634501.,ctl,200,0.004668,0
1790634501.,usr,200,0.001658,0
1790634501.,rec,200,0.002184,0
1790634502.,ctl,200,0.004403,0
1790634502.,usr,200,0.001656,0
1790634502.,rec,200,0.002492,0
1790634502.,ctl,200,0.004613,0
1790634502.,usr,200,0.001702,0
1790634502.,rec,200,0.002259,0
1790634502.,ctl,200,0.004214,0
1790634503.,usr,200,0.001623,0
1790634503.,rec,200,0.002511,0
1790634503.,ctl,200,0.004342,0
1790634503.,usr,200,0.002107,0
1790634503.,rec,200,0.002408,0
1790634503.,ctl,200,0.004221,0
1790634504.,usr,200,0.001576,0
1790634504.,rec,200,0.002082,0
1790634504.,ctl,200,0.003983,0
1790634504.,usr,200,0.001808,0
1790634504.,rec,200,0.002351,0
1790634504.,ctl,200,0.004496,0
1790634504.,usr,200,0.001511,0
1790634505.,rec,200,0.002253,0
1790634505.,ctl,200,0.005212,0
1790634505.,usr,200,0.001429,0
1790634505.,rec,200,0.002188,0
1790634505.,ctl,200,0.004000,0
1790634505.,usr,200,0.001739,0
1790634506.,rec,200,0.002182,0
1790634506.,ctl,200,0.004285,0
1790634506.,usr,200,0.001625,0
1790634506.,rec,200,0.002243,0
1790634506.,ctl,200,0.004205,0
1790634506.,usr,200,0.001628,0
1790634506.,rec,200,0.002153,0
1790634507.,ctl,200,0.004503,0
1790634507.,usr,200,0.001535,0
1790634507.,rec,200,0.002353,0
1790634507.,ctl,200,0.004345,0
1790634507.,usr,200,0.001443,0
1790634507.,rec,200,0.002271,0
1790634508.,ctl,200,0.003953,0
1790634508.,usr,200,0.001661,0
1790634508.,rec,200,0.002052,0
1790634508.,ctl,200,0.004509,0
1790634508.,usr,200,0.001683,0
1790634508.,rec,200,0.002329,0
1790634509.,ctl,200,0.004369,0
1790634509.,usr,200,0.001630,0
1790634509.,rec,200,0.002360,0
1790634509.,ctl,200,0.004469,0
1790634509.,usr,200,0.001465,0
1790634509.,rec,200,0.002305,0
1790634509.,ctl,200,0.005605,0
1790634510.,usr,200,0.002385,0
1790634510.,rec,200,0.002211,0
1790634510.,ctl,200,0.005080,0
1790634510.,usr,200,0.001937,0
1790634510.,rec,200,0.002231,0
1790634510.,ctl,200,0.004554,0
1790634510.,usr,200,0.001648,0
1790634511.,rec,200,0.002499,0
1790634511.,ctl,200,0.004674,0
1790634511.,usr,200,0.001652,0
1790634511.,rec,200,0.002412,0
1790634511.,ctl,200,0.004155,0
1790634511.,usr,200,0.002030,0
1790634512.,rec,200,0.002913,0
1790634512.,ctl,200,0.004685,0
1790634512.,usr,200,0.001737,0
1790634512.,rec,200,0.002137,0
1790634512.,ctl,200,0.004460,0
1790634512.,usr,200,0.001908,0
1790634512.,rec,200,0.002384,0
1790634513.,ctl,200,0.004079,0
1790634513.,usr,200,0.001548,0
1790634513.,rec,200,0.002097,0
1790634513.,ctl,200,0.004073,0
1790634513.,usr,200,0.001662,0
1790634513.,rec,200,0.002315,0
1790634514.,ctl,200,0.004418,0
1790634514.,usr,200,0.001511,0
1790634514.,rec,200,0.002188,0
1790634514.,ctl,200,0.004350,0
1790634514.,usr,200,0.001396,0
1790634514.,rec,200,0.002178,0
1790634515.,ctl,200,0.004203,0
1790634515.,usr,200,0.001441,0
1790634515.,rec,200,0.002186,0
1790634515.,ctl,200,0.004212,0
1790634515.,usr,200,0.001503,0
1790634515.,rec,200,0.002132,0
1790634515.,ctl,200,0.004239,0
1790634515.,usr,200,0.001580,0
1790634516.,rec,200,0.002053,0
1790634516.,ctl,200,0.004046,0
1790634516.,usr,200,0.001417,0
1790634516.,rec,200,0.002162,0
1790634516.,ctl,000,0.000955,7
1790634516.,usr,000,0.000805,7
1790634517.,ctl,000,0.000826,7
1790634517.,usr,000,0.000658,7
1790634517.,ctl,000,0.000844,7
1790634517.,usr,000,0.000724,7
1790634518.,ctl,200,0.004545,0
1790634518.,usr,200,0.001453,0
1790634518.,ctl,200,0.004293,0
1790634518.,usr,200,0.001265,0
1790634519.,ctl,200,0.003909,0
1790634519.,usr,200,0.001166,0
1790634519.,ctl,200,0.003996,0
1790634519.,usr,200,0.001182,0
1790634520.,ctl,200,0.006031,0
1790634520.,usr,200,0.001966,0
1790634520.,usr,200,0.001430,0
1790634520.,ctl,200,0.004094,0
1790634521.,usr,200,0.001791,0
1790634521.,ctl,200,0.003835,0
1790634521.,usr,200,0.001500,0
1790634521.,ctl,200,0.003829,0
1790634521.,usr,200,0.001581,0
1790634521.,ctl,200,0.003588,0
1790634517.,rec,000,5.001997,28
1790634522.,usr,200,0.001488,0
1790634522.,ctl,200,0.004730,0
1790634522.,rec,500,0.001342,0
1790634522.,usr,200,0.001553,0
1790634522.,ctl,200,0.004452,0
1790634522.,rec,500,0.001097,0
1790634523.,usr,200,0.001397,0
1790634523.,ctl,200,0.003611,0
1790634523.,rec,500,0.001305,0
1790634523.,usr,200,0.001450,0
1790634523.,ctl,200,0.004450,0
1790634523.,rec,500,0.001041,0
1790634524.,usr,200,0.001777,0
1790634524.,ctl,200,0.003810,0
1790634524.,rec,500,0.001116,0
1790634524.,usr,200,0.001352,0
1790634524.,ctl,200,0.004048,0
1790634524.,rec,500,0.001045,0
1790634525.,usr,200,0.001406,0
1790634525.,ctl,200,0.003882,0
1790634525.,rec,500,0.001033,0
1790634525.,usr,200,0.001551,0
1790634525.,ctl,200,0.003696,0
1790634525.,rec,500,0.001059,0
1790634526.,usr,200,0.001442,0
1790634526.,ctl,200,0.004322,0
1790634526.,rec,500,0.001383,0
1790634526.,usr,200,0.001712,0
1790634526.,ctl,200,0.004111,0
1790634526.,rec,500,0.001237,0
1790634526.,usr,200,0.001469,0
1790634526.,ctl,200,0.003822,0
1790634527.,rec,500,0.000948,0
1790634527.,usr,200,0.001434,0
1790634527.,ctl,200,0.003783,0
1790634527.,rec,500,0.000982,0
1790634527.,usr,200,0.002126,0
1790634527.,ctl,200,0.004238,0
1790634527.,rec,500,0.001027,0
1790634528.,usr,200,0.001450,0
1790634528.,ctl,200,0.003849,0
1790634528.,rec,500,0.001024,0
1790634528.,usr,200,0.001681,0
1790634528.,ctl,200,0.004619,0
1790634528.,rec,500,0.001057,0
1790634529.,usr,200,0.002406,0
1790634529.,ctl,200,0.016210,0
1790634529.,rec,500,0.001348,0
1790634529.,usr,200,0.001750,0
1790634529.,ctl,200,0.003918,0
1790634529.,rec,500,0.000822,0
1790634530.,usr,200,0.001500,0
1790634530.,ctl,200,0.004030,0
1790634530.,rec,500,0.001069,0
1790634530.,usr,200,0.001386,0
1790634530.,ctl,200,0.004462,0
1790634530.,rec,500,0.000958,0
1790634531.,usr,200,0.001515,0
1790634531.,ctl,200,0.003975,0
1790634531.,rec,500,0.000976,0
1790634531.,usr,200,0.001502,0
1790634531.,ctl,200,0.004035,0
1790634531.,rec,500,0.000989,0
1790634531.,usr,200,0.001424,0
1790634532.,ctl,200,0.004297,0
1790634532.,rec,500,0.001056,0
1790634532.,usr,200,0.002373,0
1790634532.,ctl,200,0.007360,0
1790634532.,rec,500,0.001739,0
1790634532.,usr,200,0.001346,0
1790634532.,ctl,200,0.004008,0
1790634533.,rec,500,0.001111,0
1790634533.,usr,200,0.001608,0
1790634533.,ctl,200,0.003705,0
1790634533.,rec,500,0.000981,0
1790634533.,usr,200,0.001641,0
1790634533.,ctl,200,0.003785,0
1790634533.,rec,500,0.001059,0
1790634534.,usr,200,0.001349,0
1790634534.,ctl,200,0.003923,0
1790634534.,rec,500,0.000898,0
1790634534.,usr,200,0.001289,0
1790634534.,ctl,200,0.003685,0
1790634534.,rec,500,0.001048,0
1790634535.,usr,200,0.001667,0
1790634535.,ctl,200,0.004081,0
1790634535.,rec,500,0.001018,0
1790634535.,usr,200,0.001515,0
1790634535.,ctl,200,0.003834,0
1790634535.,rec,500,0.000944,0
1790634536.,usr,200,0.001343,0
1790634536.,ctl,200,0.004039,0
1790634536.,rec,500,0.000913,0
1790634536.,usr,200,0.001432,0
1790634536.,ctl,200,0.003750,0
1790634536.,rec,500,0.000840,0
1790634537.,usr,200,0.001366,0
1790634537.,rec,500,0.001189,0
1790634537.,ctl,200,0.004026,0
1790634537.,usr,200,0.001484,0
1790634537.,rec,500,0.001064,0
1790634537.,ctl,200,0.003680,0
1790634537.,usr,200,0.001354,0
1790634538.,rec,500,0.001028,0
1790634538.,ctl,200,0.003722,0
1790634538.,usr,200,0.001474,0
1790634538.,rec,500,0.001066,0
1790634538.,ctl,200,0.003516,0
1790634538.,usr,200,0.001178,0
1790634538.,rec,500,0.001111,0
1790634538.,ctl,200,0.004355,0
1790634539.,usr,200,0.001387,0
1790634539.,rec,500,0.001076,0
1790634539.,ctl,200,0.004151,0
1790634539.,usr,200,0.001500,0
1790634539.,rec,500,0.001048,0
1790634539.,ctl,200,0.004222,0
1790634540.,usr,200,0.001519,0
1790634540.,rec,500,0.001083,0
1790634540.,ctl,200,0.003571,0
1790634540.,usr,200,0.001472,0
1790634540.,rec,500,0.001035,0
1790634540.,ctl,200,0.003424,0
1790634541.,usr,200,0.001318,0
1790634541.,rec,500,0.001060,0
1790634541.,ctl,200,0.003734,0
1790634541.,usr,200,0.001355,0
1790634541.,rec,500,0.001011,0
1790634541.,ctl,200,0.003541,0
1790634542.,usr,200,0.001308,0
1790634542.,rec,500,0.000909,0
1790634542.,ctl,200,0.003699,0
1790634542.,usr,200,0.001424,0
1790634542.,rec,500,0.000972,0
1790634542.,ctl,200,0.003705,0
1790634542.,usr,200,0.001402,0
1790634543.,rec,500,0.001068,0
1790634543.,ctl,200,0.003582,0
1790634543.,usr,200,0.001521,0
1790634543.,rec,500,0.001036,0
1790634543.,ctl,200,0.004162,0
1790634543.,usr,200,0.001368,0
1790634544.,rec,500,0.000988,0
1790634544.,ctl,200,0.003684,0
1790634544.,usr,200,0.001301,0
1790634544.,rec,500,0.001140,0
1790634544.,ctl,200,0.003649,0
1790634544.,usr,200,0.001504,0
1790634544.,rec,500,0.001068,0
1790634544.,ctl,200,0.003978,0
1790634545.,usr,200,0.001461,0
1790634545.,rec,500,0.001120,0
1790634545.,ctl,200,0.003903,0
1790634545.,usr,200,0.001410,0
1790634545.,rec,500,0.001219,0
1790634545.,ctl,200,0.004040,0
1790634546.,usr,200,0.001422,0
1790634546.,rec,500,0.001012,0
1790634546.,ctl,200,0.005798,0
1790634546.,usr,200,0.001308,0
1790634546.,rec,500,0.001092,0
1790634546.,ctl,200,0.004535,0
1790634547.,usr,200,0.001723,0
1790634547.,rec,500,0.001127,0
1790634547.,ctl,200,0.004904,0
1790634547.,usr,200,0.001332,0
1790634547.,rec,500,0.000964,0
1790634547.,ctl,200,0.004048,0
1790634547.,usr,200,0.001499,0
1790634548.,rec,500,0.001061,0
1790634548.,ctl,200,0.003991,0
1790634548.,usr,200,0.001433,0
1790634548.,rec,500,0.001303,0
1790634548.,ctl,200,0.003915,0
1790634548.,usr,200,0.001507,0
1790634549.,rec,500,0.001261,0
1790634549.,ctl,200,0.004320,0
1790634549.,usr,200,0.001329,0
1790634549.,rec,500,0.001073,0
1790634549.,ctl,200,0.004702,0
1790634549.,usr,200,0.001409,0
1790634549.,rec,500,0.001099,0
1790634550.,ctl,200,0.003729,0
1790634550.,usr,200,0.001648,0
1790634550.,rec,500,0.001034,0
1790634550.,ctl,200,0.003819,0
1790634550.,usr,200,0.001565,0
1790634550.,rec,500,0.000970,0
1790634550.,ctl,200,0.003912,0
1790634551.,usr,200,0.001483,0
1790634551.,rec,500,0.001259,0
1790634551.,ctl,200,0.004151,0
1790634551.,usr,200,0.001399,0
1790634551.,rec,500,0.001282,0
1790634551.,ctl,200,0.004443,0
1790634552.,usr,200,0.001377,0
1790634552.,rec,500,0.001177,0
1790634552.,ctl,200,0.003869,0
1790634552.,usr,200,0.001454,0
1790634552.,rec,500,0.001117,0
1790634552.,ctl,200,0.003700,0
1790634553.,usr,200,0.001465,0
1790634553.,rec,500,0.001022,0
1790634553.,ctl,200,0.003940,0
1790634553.,usr,200,0.001420,0
1790634553.,rec,500,0.001171,0
1790634553.,ctl,200,0.004107,0
1790634553.,usr,200,0.001541,0
1790634554.,rec,500,0.001161,0
1790634554.,ctl,200,0.004110,0
1790634554.,usr,200,0.001408,0
1790634554.,rec,500,0.000959,0
1790634554.,ctl,200,0.003749,0
1790634554.,usr,200,0.001399,0
1790634554.,rec,500,0.001027,0
1790634555.,ctl,200,0.004053,0
1790634555.,usr,200,0.001202,0
1790634555.,rec,500,0.000931,0
1790634555.,ctl,200,0.004075,0
1790634555.,usr,200,0.001423,0
1790634555.,rec,500,0.001064,0
1790634556.,ctl,200,0.004006,0
1790634556.,usr,200,0.001477,0
1790634556.,rec,500,0.000966,0
1790634556.,ctl,200,0.003966,0
1790634556.,usr,200,0.001592,0
1790634556.,rec,500,0.001186,0
1790634556.,ctl,200,0.004370,0
1790634557.,usr,200,0.001326,0
1790634557.,rec,500,0.001123,0
1790634557.,ctl,200,0.003897,0
1790634557.,usr,200,0.001584,0
1790634557.,rec,500,0.000988,0
1790634557.,ctl,200,0.004090,0
1790634558.,usr,200,0.001601,0
1790634558.,rec,500,0.000986,0
1790634558.,ctl,200,0.004085,0
1790634558.,usr,200,0.001327,0
1790634558.,rec,500,0.001011,0
1790634558.,ctl,200,0.004226,0
1790634558.,usr,200,0.001384,0
1790634559.,rec,500,0.001051,0
1790634559.,ctl,200,0.003925,0
1790634559.,usr,200,0.001450,0
1790634559.,rec,500,0.000993,0
1790634559.,ctl,200,0.004246,0
1790634559.,usr,200,0.001517,0
1790634559.,rec,500,0.001055,0
1790634560.,ctl,200,0.004064,0
1790634560.,usr,200,0.001380,0
1790634560.,rec,500,0.001131,0
1790634560.,ctl,200,0.004052,0
1790634560.,usr,200,0.001368,0
1790634560.,rec,500,0.001055,0
1790634561.,ctl,200,0.004062,0
1790634561.,usr,200,0.001397,0
1790634561.,rec,500,0.001129,0
1790634561.,ctl,200,0.003907,0
1790634561.,usr,200,0.001320,0
1790634561.,rec,500,0.001069,0
1790634561.,ctl,200,0.004038,0
1790634562.,usr,200,0.002122,0
1790634562.,rec,500,0.001091,0
1790634562.,ctl,200,0.003846,0
1790634562.,usr,200,0.001514,0
1790634562.,rec,500,0.001040,0
1790634562.,ctl,200,0.003898,0
1790634563.,usr,200,0.001432,0
1790634563.,rec,500,0.001153,0
1790634563.,ctl,200,0.004061,0
1790634563.,usr,200,0.001310,0
1790634563.,rec,500,0.001000,0
1790634563.,ctl,200,0.003847,0
1790634563.,usr,200,0.001318,0
1790634564.,rec,500,0.001000,0
1790634564.,ctl,200,0.003768,0
1790634564.,usr,200,0.001368,0
1790634564.,rec,500,0.001077,0
1790634564.,ctl,200,0.004121,0
1790634564.,usr,200,0.001333,0
1790634565.,rec,500,0.000972,0
1790634565.,ctl,200,0.004033,0
1790634565.,usr,200,0.001662,0
1790634565.,rec,500,0.001005,0
1790634565.,ctl,200,0.003800,0
1790634565.,usr,200,0.001317,0
1790634565.,rec,500,0.001083,0
1790634566.,ctl,200,0.004441,0
1790634566.,usr,200,0.001560,0
1790634566.,rec,500,0.001097,0
1790634566.,ctl,200,0.004024,0
1790634566.,usr,200,0.001400,0
1790634566.,rec,500,0.001000,0
1790634567.,ctl,200,0.003912,0
1790634567.,usr,200,0.001493,0
1790634567.,rec,500,0.000849,0
1790634567.,ctl,200,0.004111,0
1790634567.,usr,200,0.001494,0
1790634567.,rec,500,0.000856,0
1790634567.,ctl,200,0.003879,0
1790634568.,usr,200,0.001404,0
1790634568.,rec,500,0.000964,0
1790634568.,ctl,200,0.003800,0
1790634568.,usr,200,0.001350,0
1790634568.,rec,500,0.001103,0
1790634568.,ctl,200,0.003907,0
1790634569.,usr,200,0.001380,0
1790634569.,rec,500,0.001124,0
1790634569.,ctl,200,0.003907,0
1790634569.,usr,200,0.001321,0
1790634569.,rec,500,0.001210,0
1790634569.,ctl,200,0.003788,0
1790634569.,usr,200,0.001445,0
1790634570.,rec,500,0.001044,0
1790634570.,ctl,200,0.003964,0
1790634570.,usr,200,0.001257,0
1790634570.,rec,500,0.001102,0
1790634570.,ctl,200,0.004160,0
1790634570.,usr,200,0.001333,0
1790634570.,rec,500,0.000945,0
1790634571.,ctl,200,0.004034,0
1790634571.,usr,200,0.001541,0
1790634571.,rec,500,0.001035,0
1790634571.,ctl,200,0.003984,0
1790634571.,usr,200,0.001436,0
1790634571.,rec,500,0.001021,0
1790634572.,ctl,200,0.003826,0
1790634572.,usr,200,0.001297,0
1790634572.,rec,500,0.000981,0
1790634572.,ctl,200,0.004277,0
1790634572.,usr,200,0.001399,0
1790634572.,rec,500,0.001110,0
1790634573.,ctl,200,0.004535,0
1790634573.,usr,200,0.001257,0
1790634573.,rec,500,0.001126,0
1790634573.,ctl,200,0.003896,0
1790634573.,usr,200,0.001515,0
1790634573.,rec,500,0.001167,0
1790634573.,ctl,200,0.003806,0
1790634574.,usr,200,0.001392,0
1790634574.,rec,500,0.000926,0
1790634574.,ctl,200,0.003649,0
1790634574.,usr,200,0.001298,0
1790634574.,rec,500,0.001050,0
1790634574.,ctl,200,0.003811,0
1790634574.,usr,200,0.001262,0
1790634575.,rec,500,0.001004,0
1790634575.,ctl,200,0.003845,0
1790634575.,usr,200,0.001384,0
1790634575.,rec,500,0.001013,0
1790634575.,ctl,200,0.003844,0
1790634575.,usr,200,0.001347,0
1790634575.,rec,500,0.000992,0
1790634576.,ctl,200,0.003876,0
1790634576.,usr,200,0.001308,0
1790634576.,rec,500,0.001036,0
1790634576.,ctl,200,0.003746,0
1790634576.,usr,200,0.001358,0
1790634576.,rec,500,0.000978,0
1790634577.,ctl,200,0.003973,0
1790634577.,usr,200,0.001438,0
1790634577.,rec,500,0.001181,0
1790634577.,ctl,200,0.003770,0
1790634577.,usr,200,0.001300,0
1790634577.,rec,500,0.000984,0
1790634578.,ctl,200,0.003704,0
1790634578.,usr,200,0.001407,0
1790634578.,rec,500,0.001020,0
1790634578.,ctl,200,0.003874,0
1790634578.,usr,200,0.001528,0
1790634578.,rec,500,0.001125,0
1790634578.,ctl,200,0.004182,0
1790634579.,usr,200,0.001471,0
1790634579.,rec,500,0.001168,0
1790634579.,ctl,200,0.004192,0
1790634579.,usr,200,0.001366,0
1790634579.,rec,500,0.001040,0
1790634579.,ctl,200,0.004269,0
1790634579.,usr,200,0.001429,0
1790634580.,rec,500,0.000996,0
1790634580.,ctl,200,0.003895,0
1790634580.,usr,200,0.001262,0
1790634580.,rec,500,0.001032,0
1790634580.,ctl,200,0.004819,0
1790634580.,usr,200,0.001334,0
1790634580.,rec,500,0.000974,0
1790634581.,ctl,200,0.003840,0
1790634581.,usr,200,0.001378,0
1790634581.,rec,500,0.001019,0
1790634581.,ctl,200,0.003922,0
1790634581.,usr,200,0.001478,0
1790634581.,rec,500,0.001129,0
1790634582.,ctl,200,0.004969,0
1790634582.,usr,200,0.001539,0
1790634582.,rec,500,0.001111,0
1790634582.,ctl,200,0.004040,0
1790634582.,usr,200,0.001328,0
1790634582.,rec,500,0.001024,0
1790634583.,ctl,200,0.003693,0
1790634583.,usr,200,0.001250,0
1790634583.,rec,500,0.001090,0
1790634583.,ctl,200,0.004352,0
1790634583.,usr,200,0.001264,0
1790634583.,rec,500,0.001038,0
1790634584.,ctl,200,0.004079,0
1790634584.,usr,200,0.001208,0
1790634584.,rec,500,0.000967,0
1790634584.,ctl,200,0.003854,0
1790634584.,usr,200,0.001244,0
1790634584.,rec,500,0.001049,0
1790634584.,ctl,200,0.004343,0
1790634585.,usr,200,0.001241,0
1790634585.,rec,500,0.000970,0
1790634585.,ctl,200,0.004152,0
1790634585.,usr,200,0.001309,0
1790634585.,rec,500,0.001118,0
1790634585.,ctl,200,0.004167,0
1790634585.,usr,200,0.001454,0
1790634586.,rec,500,0.001120,0
1790634586.,ctl,200,0.004661,0
1790634586.,usr,200,0.001479,0
1790634586.,rec,500,0.001175,0
1790634586.,ctl,200,0.004576,0
1790634586.,usr,200,0.001567,0
1790634586.,rec,500,0.001019,0
1790634587.,ctl,200,0.004305,0
1790634587.,usr,200,0.001675,0
1790634587.,rec,500,0.001288,0
1790634587.,ctl,200,0.003802,0
1790634587.,usr,200,0.001282,0
1790634587.,rec,500,0.001085,0
1790634588.,ctl,200,0.003858,0
1790634588.,usr,200,0.001389,0
1790634588.,rec,500,0.001039,0
1790634588.,ctl,200,0.003838,0
1790634588.,usr,200,0.001507,0
1790634588.,rec,500,0.000994,0
1790634589.,ctl,200,0.003984,0
1790634589.,usr,200,0.001286,0
1790634589.,rec,500,0.000928,0
1790634589.,ctl,200,0.003962,0
1790634589.,usr,200,0.001219,0
1790634589.,rec,500,0.001118,0
1790634590.,ctl,200,0.004249,0
1790634590.,usr,200,0.001234,0
1790634590.,rec,500,0.001038,0
1790634590.,ctl,200,0.003936,0
1790634590.,usr,200,0.001143,0
1790634590.,rec,500,0.001017,0
1790634590.,ctl,200,0.004212,0
1790634590.,usr,200,0.001331,0
1790634591.,rec,500,0.001164,0
1790634591.,ctl,200,0.004365,0
1790634591.,usr,200,0.001254,0
1790634591.,rec,500,0.001091,0
1790634591.,ctl,200,0.004737,0
1790634591.,usr,200,0.001349,0
1790634591.,rec,500,0.001245,0
1790634592.,ctl,200,0.004186,0
1790634592.,usr,200,0.001097,0
1790634592.,rec,500,0.000893,0
1790634592.,ctl,200,0.004042,0
1790634592.,usr,200,0.001101,0
1790634592.,rec,500,0.000961,0
1790634593.,usr,200,0.001310,0
1790634593.,ctl,200,0.004115,0
1790634593.,rec,500,0.001067,0
1790634593.,usr,200,0.001422,0
1790634593.,ctl,200,0.003786,0
1790634593.,rec,500,0.001058,0
1790634594.,usr,200,0.001304,0
1790634594.,ctl,200,0.003623,0
1790634594.,rec,500,0.001067,0
1790634594.,usr,200,0.001438,0
1790634594.,ctl,200,0.003653,0
1790634594.,rec,500,0.001124,0
1790634595.,usr,200,0.001628,0
1790634595.,ctl,200,0.003594,0
1790634595.,rec,500,0.001214,0
1790634595.,usr,200,0.001362,0
1790634595.,ctl,200,0.003588,0
1790634595.,rec,500,0.001115,0
1790634595.,usr,200,0.001468,0
1790634595.,ctl,200,0.003941,0
1790634596.,rec,500,0.000972,0
1790634596.,usr,200,0.001413,0
1790634596.,ctl,200,0.003955,0
1790634596.,rec,500,0.001112,0
1790634596.,usr,200,0.001553,0
1790634596.,ctl,200,0.003641,0
1790634596.,rec,500,0.001073,0
1790634597.,usr,200,0.001322,0
1790634597.,ctl,200,0.003630,0
1790634597.,rec,500,0.001175,0
1790634597.,usr,200,0.001560,0
1790634597.,ctl,200,0.003799,0
1790634597.,rec,500,0.002345,0
1790634598.,usr,200,0.001412,0
1790634598.,ctl,200,0.003669,0
1790634598.,rec,500,0.000906,0
1790634598.,usr,200,0.001475,0
1790634598.,ctl,200,0.003738,0
1790634598.,rec,500,0.000885,0
1790634599.,usr,200,0.001511,0
1790634599.,ctl,200,0.003661,0
1790634599.,rec,500,0.000993,0
1790634599.,usr,200,0.001435,0
1790634599.,ctl,200,0.003756,0
1790634599.,rec,500,0.000925,0
1790634600.,usr,200,0.001337,0
1790634600.,ctl,200,0.004046,0
1790634600.,rec,500,0.000843,0
1790634600.,usr,200,0.001396,0
1790634600.,ctl,200,0.003807,0
1790634600.,rec,500,0.001023,0
1790634600.,usr,200,0.001441,0
1790634601.,ctl,200,0.003889,0
1790634601.,rec,500,0.001023,0
1790634601.,usr,200,0.001145,0
1790634601.,ctl,200,0.003615,0
1790634601.,rec,500,0.000825,0
1790634601.,usr,200,0.001271,0
1790634601.,ctl,200,0.003719,0
1790634601.,rec,500,0.000850,0
1790634602.,usr,200,0.001545,0
1790634602.,ctl,200,0.004390,0
1790634602.,rec,500,0.001017,0
1790634602.,usr,200,0.001528,0
1790634602.,ctl,200,0.003881,0
1790634602.,rec,500,0.000875,0
1790634603.,usr,200,0.001402,0
1790634603.,ctl,200,0.004255,0
1790634603.,rec,500,0.001600,0
1790634603.,usr,200,0.001439,0
1790634603.,ctl,200,0.003997,0
1790634603.,rec,500,0.001070,0
1790634604.,usr,200,0.001363,0
1790634604.,ctl,200,0.004761,0
1790634604.,rec,500,0.000952,0
1790634604.,usr,200,0.001369,0
1790634604.,ctl,200,0.004488,0
1790634604.,rec,500,0.001079,0
1790634605.,usr,200,0.001956,0
1790634605.,ctl,200,0.004210,0
1790634605.,rec,500,0.001146,0
1790634605.,usr,200,0.001466,0
1790634605.,ctl,200,0.004681,0
1790634605.,rec,500,0.001413,0
1790634606.,usr,200,0.001366,0
1790634606.,ctl,200,0.004224,0
1790634606.,rec,500,0.000960,0
1790634606.,usr,200,0.001305,0
1790634606.,ctl,200,0.003698,0
1790634606.,rec,500,0.000810,0
1790634606.,usr,200,0.001524,0
1790634607.,ctl,200,0.003646,0
1790634607.,rec,500,0.000975,0
1790634607.,usr,200,0.001810,0
1790634607.,ctl,200,0.004857,0
1790634607.,rec,500,0.000984,0
1790634607.,usr,200,0.001579,0
1790634607.,ctl,200,0.004150,0
1790634607.,rec,500,0.000885,0
1790634608.,usr,200,0.001483,0
1790634608.,rec,500,0.000912,0
1790634608.,ctl,200,0.003785,0
1790634608.,usr,200,0.001431,0
1790634608.,rec,500,0.001096,0
1790634608.,ctl,200,0.003518,0
1790634609.,usr,200,0.001519,0
1790634609.,rec,500,0.001191,0
1790634609.,ctl,200,0.003900,0
1790634609.,usr,200,0.001488,0
1790634609.,rec,500,0.001098,0
1790634609.,ctl,200,0.004455,0
1790634610.,usr,200,0.001368,0
1790634610.,rec,500,0.001019,0
1790634610.,ctl,200,0.003787,0
1790634610.,usr,200,0.001433,0
1790634610.,rec,500,0.001063,0
1790634610.,ctl,200,0.003928,0
1790634611.,usr,200,0.001548,0
1790634611.,rec,500,0.001044,0
1790634611.,ctl,200,0.004300,0
1790634611.,usr,200,0.001573,0
1790634611.,rec,500,0.001121,0
1790634611.,ctl,200,0.003847,0
1790634611.,usr,200,0.001647,0
1790634612.,rec,500,0.000988,0
1790634612.,ctl,200,0.004634,0
1790634612.,usr,200,0.001456,0
1790634612.,rec,500,0.001091,0
1790634612.,ctl,200,0.004042,0
1790634612.,usr,200,0.001783,0
1790634612.,rec,500,0.001093,0
1790634612.,ctl,200,0.004326,0
1790634613.,usr,200,0.001476,0
1790634613.,rec,500,0.001153,0
1790634613.,ctl,200,0.003991,0
1790634613.,usr,200,0.001409,0
1790634613.,rec,500,0.000970,0
1790634613.,ctl,200,0.003780,0
1790634614.,usr,200,0.002000,0
1790634614.,rec,500,0.001045,0
1790634614.,ctl,200,0.005094,0
1790634614.,usr,200,0.001562,0
1790634614.,rec,500,0.001175,0
1790634614.,ctl,200,0.004194,0
1790634615.,usr,200,0.001606,0
1790634615.,rec,500,0.001008,0
1790634615.,ctl,200,0.003541,0
1790634615.,usr,200,0.001398,0
1790634615.,rec,500,0.001285,0
1790634615.,ctl,200,0.003787,0
1790634616.,usr,200,0.001757,0
1790634616.,rec,500,0.001011,0
1790634616.,ctl,200,0.004104,0
1790634616.,usr,200,0.001481,0
1790634616.,rec,500,0.001080,0
1790634616.,ctl,200,0.005068,0
1790634616.,usr,200,0.001413,0
1790634617.,rec,500,0.001072,0
1790634617.,ctl,200,0.003840,0
1790634617.,usr,200,0.001337,0
1790634617.,rec,500,0.001145,0
1790634617.,ctl,200,0.004337,0
1790634617.,usr,200,0.001566,0
1790634617.,rec,500,0.001047,0
1790634618.,ctl,200,0.003931,0
1790634618.,usr,200,0.001370,0
1790634618.,rec,500,0.001175,0
1790634618.,ctl,200,0.003980,0
1790634618.,usr,200,0.001451,0
1790634618.,rec,500,0.001058,0
1790634618.,ctl,200,0.004083,0
1790634619.,usr,200,0.001724,0
1790634619.,rec,500,0.001263,0
1790634619.,ctl,200,0.003983,0
1790634619.,usr,200,0.001506,0
1790634619.,rec,500,0.001045,0
1790634619.,ctl,200,0.004599,0
1790634620.,usr,200,0.001644,0
1790634620.,rec,500,0.001077,0
1790634620.,ctl,200,0.003806,0
1790634620.,usr,200,0.001493,0
1790634620.,rec,500,0.001173,0
1790634620.,ctl,200,0.003749,0
1790634621.,usr,200,0.001448,0
1790634621.,rec,500,0.001201,0
1790634621.,ctl,200,0.003703,0
1790634621.,usr,200,0.001308,0
1790634621.,rec,500,0.001134,0
1790634621.,ctl,200,0.004308,0
1790634622.,usr,200,0.001393,0
1790634622.,rec,500,0.001049,0
1790634622.,ctl,200,0.003876,0
1790634622.,usr,200,0.001649,0
1790634622.,rec,500,0.001214,0
1790634622.,ctl,200,0.003752,0
1790634622.,usr,200,0.001411,0
1790634623.,rec,500,0.001109,0
1790634623.,ctl,200,0.003674,0
1790634623.,usr,200,0.001438,0
1790634623.,rec,500,0.001278,0
1790634623.,ctl,200,0.004738,0
1790634623.,usr,200,0.001364,0
1790634623.,rec,500,0.001059,0
1790634624.,ctl,200,0.003959,0
1790634624.,usr,200,0.001558,0
1790634624.,rec,500,0.001089,0
1790634624.,ctl,200,0.004572,0
1790634624.,usr,200,0.001382,0
1790634624.,rec,500,0.001073,0
1790634624.,ctl,200,0.003907,0
1790634625.,usr,200,0.001379,0
1790634625.,rec,500,0.001060,0
1790634625.,ctl,200,0.003911,0
1790634625.,usr,200,0.004174,0
1790634625.,rec,500,0.001672,0
1790634625.,ctl,200,0.018965,0
1790634626.,usr,200,0.001453,0
1790634626.,rec,500,0.001052,0
1790634626.,ctl,200,0.003824,0
1790634626.,usr,200,0.001356,0
1790634626.,rec,500,0.001239,0
1790634626.,ctl,200,0.003785,0
1790634627.,usr,200,0.001439,0
1790634627.,rec,500,0.001195,0
1790634627.,ctl,200,0.003780,0
1790634627.,usr,200,0.001476,0
1790634627.,rec,500,0.000962,0
1790634627.,ctl,200,0.003699,0
1790634627.,usr,200,0.001382,0
1790634628.,rec,500,0.001236,0
1790634628.,ctl,200,0.003983,0
1790634628.,usr,200,0.001393,0
1790634628.,rec,500,0.000992,0
1790634628.,ctl,200,0.005852,0
1790634628.,usr,200,0.001928,0
1790634629.,rec,500,0.001017,0
1790634629.,ctl,200,0.003734,0
1790634629.,usr,200,0.001320,0
1790634629.,rec,500,0.001330,0
1790634629.,ctl,200,0.003962,0
1790634629.,usr,200,0.001320,0
1790634629.,rec,500,0.001074,0
1790634630.,ctl,200,0.003905,0
1790634630.,usr,200,0.001572,0
1790634630.,rec,500,0.001102,0
1790634630.,ctl,200,0.003926,0
1790634630.,usr,200,0.001378,0
1790634630.,rec,500,0.001161,0
1790634630.,ctl,200,0.003957,0
1790634631.,usr,200,0.001396,0
1790634631.,rec,500,0.001162,0
1790634631.,ctl,200,0.004017,0
1790634631.,usr,200,0.001500,0
1790634631.,rec,500,0.000966,0
1790634631.,ctl,200,0.003737,0
1790634632.,usr,200,0.001998,0
1790634632.,rec,500,0.001028,0
1790634632.,ctl,200,0.004005,0
1790634632.,usr,200,0.001507,0
1790634632.,rec,500,0.001056,0
1790634632.,ctl,200,0.004013,0
1790634632.,usr,200,0.001385,0
1790634633.,rec,500,0.001006,0
1790634633.,ctl,200,0.003813,0
1790634633.,usr,200,0.001397,0
1790634633.,rec,500,0.000990,0
1790634633.,ctl,200,0.004343,0
1790634633.,usr,200,0.001456,0
1790634634.,rec,500,0.001025,0
1790634634.,ctl,200,0.003876,0
1790634634.,usr,200,0.001418,0
1790634634.,rec,500,0.000978,0
1790634634.,ctl,200,0.003696,0
1790634634.,usr,200,0.001277,0
1790634634.,rec,500,0.001144,0
1790634635.,ctl,200,0.003869,0
1790634635.,usr,200,0.001403,0
1790634635.,rec,500,0.000956,0
1790634635.,ctl,200,0.003828,0
1790634635.,usr,200,0.001478,0
1790634635.,rec,500,0.001152,0
1790634635.,ctl,200,0.003912,0
1790634636.,usr,200,0.001391,0
1790634636.,rec,500,0.001111,0
1790634636.,ctl,200,0.003692,0
1790634636.,usr,200,0.001484,0
1790634636.,rec,500,0.001003,0
1790634636.,ctl,200,0.003962,0
1790634637.,usr,200,0.001430,0
1790634637.,rec,500,0.001238,0
1790634637.,ctl,200,0.003978,0
1790634637.,usr,200,0.001526,0
1790634637.,rec,500,0.001144,0
1790634637.,ctl,200,0.003880,0
1790634638.,usr,200,0.001494,0
1790634638.,rec,500,0.000993,0
1790634638.,ctl,200,0.004154,0
1790634638.,usr,200,0.001513,0
1790634638.,rec,500,0.000999,0
1790634638.,ctl,200,0.004116,0
1790634638.,usr,200,0.001520,0
1790634639.,rec,500,0.001126,0
1790634639.,ctl,200,0.004689,0
1790634639.,usr,200,0.001492,0
1790634639.,rec,500,0.001261,0
1790634639.,ctl,200,0.004116,0
1790634639.,usr,200,0.001575,0
1790634639.,rec,500,0.001133,0
1790634640.,ctl,200,0.004611,0
1790634640.,usr,200,0.001416,0
1790634640.,rec,500,0.001171,0
1790634640.,ctl,200,0.003950,0
1790634640.,usr,200,0.001442,0
1790634640.,rec,500,0.001091,0
1790634641.,ctl,200,0.004230,0
1790634641.,usr,200,0.001438,0
1790634641.,rec,500,0.001208,0
1790634641.,ctl,200,0.004183,0
1790634641.,usr,200,0.001451,0
1790634641.,rec,500,0.001167,0
1790634641.,ctl,200,0.004049,0
1790634642.,usr,200,0.001375,0
1790634642.,rec,500,0.001210,0
1790634642.,ctl,200,0.003891,0
1790634642.,usr,200,0.001590,0
1790634642.,rec,500,0.001025,0
1790634642.,ctl,200,0.003870,0
1790634643.,usr,200,0.001412,0
1790634643.,rec,500,0.001030,0
1790634643.,ctl,200,0.004047,0
1790634643.,usr,200,0.001467,0
1790634643.,rec,500,0.001112,0
1790634643.,ctl,200,0.003931,0
1790634643.,usr,200,0.001667,0
1790634644.,rec,500,0.000841,0
1790634644.,ctl,200,0.003706,0
1790634644.,usr,200,0.001361,0
1790634644.,rec,500,0.001040,0
1790634644.,ctl,200,0.004104,0
1790634644.,usr,200,0.001419,0
1790634645.,rec,500,0.001112,0
1790634645.,ctl,200,0.003713,0
1790634645.,usr,200,0.001469,0
1790634645.,rec,500,0.001221,0
1790634645.,ctl,200,0.004004,0
1790634645.,usr,200,0.001460,0
1790634645.,rec,500,0.001085,0
